0,2,2,382.166,382.166
0.1,1.99603,2.00397,381.408,382.924
0.2,1.98256,2.01744,378.833,385.498
0.3,1.95875,2.04125,374.283,390.048
0.4,1.92783,2.07217,368.375,395.956
0.5,1.89527,2.10473,362.153,402.178
0.6,1.86684,2.13316,356.722,407.61
0.7,1.84708,2.15292,352.946,411.385
0.8,1.83816,2.16184,351.24,413.091
0.9,1.8397,2.1603,351.535,412.796
1,1.84931,2.15069,353.371,410.96
1.1,1.87629,2.12371,358.527,405.804
1.2,1.88794,2.11206,360.753,403.578
1.3,1.89362,2.10638,361.838,402.494
1.4,1.89669,2.10331,362.426,401.906
1.5,1.89939,2.10061,362.941,401.39
1.6,1.90338,2.09662,363.704,400.628
1.7,1.90975,2.09025,364.92,399.411
1.8,1.92568,2.07432,367.964,396.367
1.9,1.93382,2.06618,369.52,394.811
2,1.94145,2.05855,370.977,393.354
2.1,1.95018,2.04982,372.646,391.685
2.2,1.96378,2.03622,375.244,389.087
2.3,1.97227,2.02773,376.868,387.463
2.4,1.98006,2.01994,378.355,385.976
2.5,1.98802,2.01198,379.877,384.454
2.6,1.99676,2.00324,381.546,382.785
2.7,2.0043,1.9957,382.987,381.345
2.8,2.01209,1.98791,384.475,379.856
2.9,2.01851,1.98149,385.702,378.63
3,2.02695,1.97305,387.315,377.016
3.1,2.03655,1.96345,389.149,375.182
3.2,2.04667,1.95333,391.083,373.248
3.3,2.05155,1.94845,392.016,372.315
3.4,2.06203,1.93797,394.018,370.313
3.5,2.07385,1.92615,396.278,368.053
3.6,2.08542,1.91458,398.488,365.844
3.7,2.09584,1.90416,400.479,363.852
3.8,2.1047,1.8953,402.172,362.159
3.9,2.10199,1.89801,401.653,362.678
4,2.10971,1.89029,403.13,361.201
4.1,2.11999,1.88001,405.093,359.238
4.2,2.12977,1.87023,406.963,357.368
4.3,2.13718,1.86282,408.378,355.953
4.4,2.14089,1.85911,409.087,355.244
4.5,2.14023,1.85977,408.96,355.371
4.6,2.13512,1.86488,407.985,356.346
4.7,2.12599,1.87401,406.24,358.091
4.8,2.11349,1.88651,403.852,360.479
4.9,2.09824,1.90176,400.937,363.394
5,2.08067,1.91933,397.58,366.751
5.1,2.06087,1.93913,393.796,370.535
5.2,2.03864,1.96136,389.548,374.783
5.3,2.01357,1.98643,384.758,379.573
5.4,1.9925,2.0075,380.732,383.6
5.5,1.98731,2.01269,379.741,384.59
5.6,2.00285,1.99715,382.71,381.621
5.7,2.03637,1.96363,389.115,375.216
5.8,2.07989,1.92011,397.432,366.899
5.9,2.12337,1.87663,405.739,358.592
6,2.15766,1.84234,412.292,352.039
6.1,2.16434,1.83566,413.568,350.763
6.2,2.16974,1.83026,414.6,349.731
6.3,2.16595,1.83405,413.876,350.455
6.4,2.15352,1.84648,411.5,352.831
6.5,2.13583,1.86417,408.12,356.211
6.6,2.11679,1.88321,404.482,359.849
6.7,2.09963,1.90037,401.204,363.128
6.8,2.08628,1.91372,398.652,365.68
6.9,2.06776,1.93224,395.114,369.218
7,2.06607,1.93393,394.79,369.541
7.1,2.06937,1.93063,395.422,368.909
7.2,2.07218,1.92782,395.958,368.374
7.3,2.07125,1.92875,395.781,368.55
7.4,2.06048,1.93952,393.723,370.609
7.5,2.05184,1.94816,392.072,372.259
7.6,2.04061,1.95939,389.926,374.406
7.7,2.02697,1.97303,387.319,377.012
7.8,2.01109,1.98891,384.284,380.047
7.9,1.99854,2.00146,381.887,382.444
8,1.98811,2.01189,379.894,384.437
8.1,1.98072,2.01928,378.481,385.85
8.2,1.97489,2.02511,377.367,386.965
8.3,1.96967,2.03033,376.371,387.961
8.4,1.9643,2.0357,375.344,388.987
8.5,1.9623,2.0377,374.962,389.369
8.6,1.95428,2.04572,373.43,390.901
8.7,1.94321,2.05679,371.314,393.017
8.8,1.93057,2.06943,368.898,395.433
8.9,1.91767,2.08233,366.433,397.898
9,1.91401,2.08599,365.733,398.598
9.1,1.9022,2.0978,363.477,400.854
9.2,1.88945,2.11055,361.041,403.29
9.3,1.87838,2.12162,358.926,405.405
9.4,1.8702,2.1298,357.363,406.969
9.5,1.86535,2.13465,356.436,407.895
9.6,1.86368,2.13632,356.118,408.214
9.7,1.86471,2.13529,356.315,408.016
9.8,1.86788,2.13212,356.92,407.411
9.9,1.8728,2.1272,357.86,406.471
10,1.87943,2.12057,359.126,405.205
10.1,1.88806,2.11194,360.775,403.556
10.2,1.89923,2.10077,362.911,401.42
10.3,1.92136,2.07864,367.138,397.193
10.4,1.93574,2.06426,369.886,394.445
10.5,1.95139,2.04861,372.878,391.453
10.6,1.97195,2.02805,376.806,387.525
10.7,1.99801,2.00199,381.786,382.545
10.8,2.02123,1.97877,386.221,378.11
10.9,2.03499,1.96501,388.852,375.479
11,2.03712,1.96288,389.259,375.073
11.1,2.02907,1.97093,387.72,376.611
11.2,2.01477,1.98523,384.988,379.343
11.3,1.99913,2.00087,382,382.331
11.4,1.98652,2.01348,379.591,384.741
11.5,1.97974,2.02026,378.294,386.038
11.6,1.97952,2.02048,378.253,386.078
11.7,1.98476,2.01524,379.254,385.077
11.8,1.9931,2.0069,380.846,383.485
11.9,2.00176,1.99824,382.502,381.829
12,2.00841,1.99159,383.772,380.559
12.1,2.01164,1.98836,384.39,379.941
12.2,2.01122,1.98878,384.309,380.022
12.3,2.0079,1.9921,383.676,380.656
12.4,2.00309,1.99691,382.756,381.575
12.5,1.99832,2.00168,381.845,382.486
12.6,1.99485,2.00515,381.182,383.149
12.7,1.99337,2.00663,380.898,383.433
12.8,1.9939,2.0061,381,383.331
12.9,1.99595,2.00405,381.392,382.939
13,1.9987,2.0013,381.918,382.413
13.1,2.00131,1.99869,382.416,381.916
13.2,2.0031,1.9969,382.758,381.573
13.3,2.00375,1.99625,382.882,381.449
13.4,2.00329,1.99671,382.795,381.537
13.5,2.00205,1.99795,382.557,381.775
13.6,2.00048,1.99952,382.258,382.074
13.7,1.99907,2.00093,381.988,382.343
13.8,1.99816,2.00184,381.814,382.518
13.9,1.9979,2.0021,381.764,382.568
14,1.99824,2.00176,381.829,382.502
14.1,1.99898,2.00102,381.971,382.36
14.2,1.99987,2.00013,382.14,382.191
14.3,2.00062,1.99938,382.285,382.046
14.4,2.00108,1.99892,382.372,381.959
14.5,2.00117,1.99883,382.39,381.942
14.6,2.00094,1.99906,382.344,381.987
14.7,2.00049,1.99951,382.26,382.071
14.8,2,2,382.166,382.165
14.9,1.9996,2.0004,382.088,382.243
15,1.99937,2.00063,382.045,382.286
15.1,1.99935,2.00065,382.042,382.29
15.2,1.99951,2.00049,382.072,382.26
15.3,1.99977,2.00023,382.121,382.21
15.4,2.00004,1.99996,382.173,382.158
15.5,2.00025,1.99975,382.214,382.117
15.6,2.00036,1.99964,382.235,382.096
15.7,2.00036,1.99964,382.234,382.098
15.8,2.00026,1.99974,382.215,382.117
15.9,2.00011,1.99989,382.186,382.145
16,1.99996,2.00004,382.157,382.174
16.1,1.99984,2.00016,382.136,382.196
16.2,1.99979,2.00021,382.126,382.205
16.3,1.99981,2.00019,382.128,382.203
16.4,1.99987,2.00013,382.14,382.191
16.5,1.99995,2.00005,382.157,382.174
16.6,2.00004,1.99996,382.173,382.159
16.7,2.00009,1.99991,382.184,382.147
16.8,2.00012,1.99988,382.188,382.143
16.9,2.00011,1.99989,382.186,382.146
17,2.00007,1.99993,382.178,382.153
17.1,2.00002,1.99998,382.169,382.162
17.2,1.99997,2.00003,382.16,382.171
17.3,1.99994,2.00006,382.155,382.176
17.4,1.99993,2.00007,382.153,382.178
17.5,1.99994,2.00006,382.155,382.176
17.6,1.99997,2.00003,382.159,382.172
17.7,1.99999,2.00001,382.164,382.167
17.8,2.00002,1.99998,382.169,382.162
17.9,2.00003,1.99997,382.172,382.159
18,2.00004,1.99996,382.173,382.159
18.1,2.00003,1.99997,382.171,382.16
18.2,2.00002,1.99998,382.169,382.162
18.3,2,2,382.166,382.165
18.4,1.99999,2.00001,382.163,382.168
18.5,1.99998,2.00002,382.162,382.169
18.6,1.99998,2.00002,382.162,382.17
18.7,1.99998,2.00002,382.163,382.169
18.8,1.99999,2.00001,382.164,382.167
18.9,2,2,382.166,382.165
19,2.00001,1.99999,382.167,382.164
19.1,2.00001,1.99999,382.168,382.163
19.2,2.00001,1.99999,382.168,382.163
19.3,2.00001,1.99999,382.167,382.164
19.4,2,2,382.166,382.165
19.5,2,2,382.165,382.166
19.6,2,2,382.165,382.167
19.7,1.99999,2.00001,382.164,382.167
19.8,1.99999,2.00001,382.164,382.167
19.9,2,2,382.165,382.166
