0,5,5,955.414,955.414
0.1,5,5,955.414,955.414
0.2,5,5,955.414,955.414
0.3,5,5,955.414,955.414
0.4,5,5,955.414,955.414
0.5,5,5,955.414,955.414
0.6,5,5,955.414,955.414
0.7,5,5,955.414,955.414
0.8,5,5,955.414,955.414
0.9,5,5,955.414,955.414
1,5,5,955.414,955.414
1.1,5,5,955.414,955.414
1.2,5,5,955.414,955.414
1.3,5,5,955.414,955.414
1.4,5,5,955.414,955.414
1.5,5,5,955.414,955.414
1.6,5,5,955.414,955.414
1.7,5,5,955.414,955.414
1.8,5,5,955.414,955.414
1.9,5,5,955.414,955.414
2,5,5,955.414,955.414
2.1,5,5,955.414,955.414
2.2,5,5,955.414,955.414
2.3,5,5,955.414,955.414
2.4,5,5,955.414,955.414
2.5,5,5,955.414,955.414
2.6,5,5,955.414,955.414
2.7,5,5,955.414,955.414
2.8,5,5,955.414,955.414
2.9,5,5,955.414,955.414
3,5,5,955.414,955.414
3.1,5,5,955.414,955.414
3.2,5,5,955.414,955.414
3.3,5,5,955.414,955.414
3.4,5,5,955.414,955.414
3.5,5,5,955.414,955.414
3.6,5,5,955.414,955.414
3.7,5,5,955.414,955.414
3.8,5,5,955.414,955.414
3.9,5,5,955.414,955.414
4,5,5,955.414,955.414
4.1,5,5,955.414,955.414
4.2,5,5,955.414,955.414
4.3,5,5,955.414,955.414
4.4,5,5,955.414,955.414
4.5,5,5,955.414,955.414
4.6,5,5,955.414,955.414
4.7,5,5,955.414,955.414
4.8,5,5,955.414,955.414
4.9,5,5,955.414,955.414
5,5,5,955.414,955.414
5.1,5,5,955.414,955.414
5.2,5,5,955.414,955.414
5.3,5,5,955.414,955.414
5.4,5,5,955.414,955.414
5.5,5,5,955.414,955.414
5.6,5,5,955.414,955.414
5.7,5,5,955.414,955.414
5.8,5,5,955.414,955.414
5.9,5,5,955.414,955.414
6,5,5,955.414,955.414
6.1,5,5,955.414,955.414
6.2,5,5,955.414,955.414
6.3,5,5,955.414,955.414
6.4,5,5,955.414,955.414
6.5,5,5,955.414,955.414
6.6,5,5,955.414,955.414
6.7,5,5,955.414,955.414
6.8,5,5,955.414,955.414
6.9,5,5,955.414,955.414
7,5,5,955.414,955.414
7.1,5,5,955.414,955.414
7.2,5,5,955.414,955.414
7.3,5,5,955.414,955.414
7.4,5,5,955.414,955.414
7.5,5,5,955.414,955.414
7.6,5,5,955.414,955.414
7.7,5,5,955.414,955.414
7.8,5,5,955.414,955.414
7.9,5,5,955.414,955.414
8,5,5,955.414,955.414
8.1,5,5,955.414,955.414
8.2,5,5,955.414,955.414
8.3,5,5,955.414,955.414
8.4,5,5,955.414,955.414
8.5,5,5,955.414,955.414
8.6,5,5,955.414,955.414
8.7,5,5,955.414,955.414
8.8,5,5,955.414,955.414
8.9,5,5,955.414,955.414
9,5,5,955.414,955.414
9.1,5,5,955.414,955.414
9.2,5,5,955.414,955.414
9.3,5,5,955.414,955.414
9.4,5,5,955.414,955.414
9.5,5,5,955.414,955.414
9.6,5,5,955.414,955.414
9.7,5,5,955.414,955.414
9.8,5,5,955.414,955.414
9.9,5,5,955.414,955.414
10,5,5,955.414,955.414
10.1,5,5,955.414,955.414
10.2,5,5,955.414,955.414
10.3,5,5,955.414,955.414
10.4,5,5,955.414,955.414
10.5,5,5,955.414,955.414
10.6,5,5,955.414,955.414
10.7,5,5,955.414,955.414
10.8,5,5,955.414,955.414
10.9,5,5,955.414,955.414
11,5,5,955.414,955.414
11.1,5,5,955.414,955.414
11.2,5,5,955.414,955.414
11.3,5,5,955.414,955.414
11.4,5,5,955.414,955.414
11.5,5,5,955.414,955.414
11.6,5,5,955.414,955.414
11.7,5,5,955.414,955.414
11.8,5,5,955.414,955.414
11.9,5,5,955.414,955.414
12,5.00013,4.99987,955.44,955.388
12.1,5.0014,4.9986,955.681,955.147
12.2,5.00329,4.99671,956.043,954.785
12.3,5.00455,4.99545,956.283,954.545
12.4,5.00457,4.99543,956.287,954.541
12.5,5.00319,4.99681,956.024,954.804
12.6,5.00033,4.99967,955.478,955.35
12.7,4.99625,5.00375,954.698,956.13
12.8,4.9917,5.0083,953.829,956.999
12.9,4.98666,5.01334,952.865,957.963
13,4.98265,5.01735,952.099,958.729
13.1,4.98565,5.01435,952.671,958.157
13.2,4.99355,5.00645,954.181,956.647
13.3,5.00119,4.99881,955.641,955.187
13.4,5.00525,4.99475,956.418,954.411
13.5,5.00399,4.99601,956.176,954.652
13.6,4.99629,5.00371,954.706,956.122
13.7,4.98308,5.01692,952.18,958.648
13.8,4.96547,5.03453,948.816,962.012
13.9,4.94579,5.05421,945.056,965.772
14,4.92645,5.07355,941.359,969.469
14.1,4.91573,5.08427,939.312,971.516
14.2,4.91526,5.08474,939.222,971.606
14.3,4.92333,5.07667,940.763,970.065
14.4,4.93718,5.06282,943.411,967.417
14.5,4.95324,5.04676,946.479,964.35
14.6,4.9683,5.0317,949.356,961.472
14.7,4.98002,5.01998,951.595,959.233
14.8,4.98695,5.01305,952.921,957.907
14.9,4.98813,5.01187,953.145,957.683
15,4.98389,5.01611,952.336,958.492
15.1,4.96987,5.03013,949.656,961.172
15.2,4.95062,5.04938,945.978,964.85
15.3,4.93434,5.06566,942.868,967.96
15.4,4.92587,5.07413,941.248,969.58
15.5,4.92823,5.07177,941.7,969.128
15.6,4.94163,5.05837,944.261,966.568
15.7,4.96466,5.03534,948.662,962.167
15.8,4.99397,5.00603,954.261,956.567
15.9,5.02632,4.97368,960.443,950.385
16,5.05745,4.94255,966.392,944.436
16.1,5.07695,4.92305,970.119,940.709
16.2,5.0762,4.9238,969.975,940.853
16.3,5.06163,4.93837,967.19,943.638
16.4,5.03878,4.96122,962.824,948.004
16.5,5.01446,4.98554,958.178,952.65
16.6,4.99486,5.00514,954.432,956.396
16.7,4.98373,5.01627,952.304,958.524
16.8,4.98354,5.01646,952.269,958.559
16.9,4.9937,5.0063,954.21,956.618
17,5.01234,4.98766,957.772,953.056
17.1,5.03365,4.96635,961.844,948.984
17.2,5.04952,4.95048,964.876,945.952
17.3,5.05926,4.94074,966.738,944.09
17.4,5.06239,4.93761,967.336,943.492
17.5,5.05977,4.94023,966.836,943.992
17.6,5.053,4.947,965.542,945.286
17.7,5.04457,4.95543,963.93,946.898
17.8,5.03655,4.96345,962.399,948.429
17.9,5.03072,4.96928,961.284,949.544
18,5.02855,4.97145,960.869,949.959
18.1,5.0312,4.9688,961.376,949.452
18.2,5.03956,4.96044,962.973,947.855
18.3,5.04846,4.95154,964.674,946.154
18.4,5.05503,4.94497,965.929,944.899
18.5,5.05663,4.94337,966.234,944.594
18.6,5.0523,4.9477,965.407,945.421
18.7,5.04212,4.95788,963.462,947.366
18.8,5.02756,4.97244,960.68,950.148
18.9,5.01024,4.98976,957.371,953.457
19,4.99235,5.00765,953.951,956.877
19.1,4.97687,5.02313,950.994,959.834
19.2,4.96791,5.03209,949.282,961.546
19.3,4.96645,5.03355,949.003,961.825
19.4,4.971,5.029,949.873,960.955
19.5,4.98049,5.01951,951.687,959.141
19.6,4.99211,5.00789,953.906,956.922
19.7,5.00349,4.99651,956.08,954.748
19.8,5.01261,4.98739,957.823,953.005
19.9,5.01837,4.98163,958.924,951.904
20,5.01977,4.98023,959.192,951.636
20.1,5.0177,4.9823,958.796,952.032
20.2,5.0124,4.9876,957.784,953.044
20.3,5.00615,4.99385,956.59,954.238
20.4,4.99941,5.00059,955.302,955.526
20.5,4.99382,5.00618,954.232,956.596
20.6,4.9904,5.0096,953.579,957.249
20.7,4.98938,5.01062,953.384,957.444
20.8,4.99034,5.00966,953.569,957.259
20.9,4.99303,5.00697,954.083,956.745
21,4.99686,5.00314,954.815,956.013
21.1,5.00076,4.99924,955.56,955.268
21.2,5.00397,4.99603,956.173,954.655
21.3,5.00636,4.99364,956.63,954.198
21.4,5.0072,4.9928,956.79,954.038
21.5,5.00671,4.99329,956.697,954.131
21.6,5.00534,4.99466,956.434,954.394
21.7,5.00347,4.99653,956.078,954.75
21.8,5.00117,4.99883,955.638,955.19
21.9,4.99909,5.00091,955.241,955.587
22,4.99786,5.00214,955.005,955.823
22.1,4.99737,5.00263,954.912,955.916
22.2,4.99747,5.00253,954.93,955.898
22.3,4.99826,5.00174,955.081,955.747
22.4,4.99941,5.00059,955.302,955.526
22.5,5.00078,4.99922,955.563,955.265
22.6,5.00198,4.99802,955.792,955.036
22.7,5.00279,4.99721,955.947,954.881
22.8,5.00325,4.99675,956.035,954.793
22.9,5.00334,4.99666,956.052,954.777
23,5.00297,4.99703,955.982,954.846
23.1,5.00239,4.99761,955.872,954.956
23.2,5.00151,4.99849,955.702,955.126
23.3,5.00108,4.99892,955.621,955.207
23.4,5.00051,4.99949,955.511,955.317
23.5,5.00016,4.99984,955.445,955.383
23.6,5.00024,4.99976,955.459,955.369
23.7,5.00045,4.99955,955.499,955.329
23.8,5.00082,4.99918,955.571,955.257
23.9,5.00128,4.99872,955.658,955.17
24,5.00173,4.99827,955.745,955.083
24.1,5.00209,4.99791,955.814,955.014
24.2,5.0028,4.9972,955.949,954.879
24.3,5.00593,4.99407,956.547,954.281
24.4,5.01203,4.98797,957.712,953.116
24.5,5.02127,4.97873,959.478,951.35
24.6,5.03287,4.96713,961.695,949.133
24.7,5.0462,4.9538,964.242,946.586
24.8,5.05992,4.94008,966.864,943.964
24.9,5.0735,4.9265,969.459,941.369
25,5.08567,4.91433,971.784,939.044
25.1,5.09537,4.90463,973.638,937.19
25.2,5.0992,4.9008,974.369,936.459
25.3,5.09589,4.90411,973.736,937.092
25.4,5.08583,4.91417,971.815,939.013
25.5,5.07044,4.92956,968.874,941.954
25.6,5.05217,4.94783,965.383,945.445
25.7,5.0332,4.9668,961.757,949.071
25.8,5.01589,4.98411,958.45,952.378
25.9,5.00186,4.99814,955.769,955.059
26,4.99201,5.00799,953.888,956.94
26.1,4.98918,5.01082,953.347,957.481
26.2,5.00425,4.99575,956.226,954.603
26.3,5.02714,4.97286,960.599,950.229
26.4,5.04909,4.95091,964.795,946.033
26.5,5.06297,4.93703,967.446,943.382
26.6,5.06452,4.93548,967.742,943.086
26.7,5.05213,4.94787,965.375,945.453
26.8,5.02668,4.97332,960.513,950.315
26.9,4.99157,5.00843,953.804,957.024
27,4.9513,5.0487,946.109,964.719
27.1,4.91116,5.08884,938.438,972.39
27.2,4.88788,5.11212,933.99,976.838
27.3,4.88619,5.11381,933.666,977.162
27.4,4.90139,5.09861,936.572,974.256
27.5,4.927,5.073,941.464,969.364
27.6,4.95576,5.04424,946.96,963.868
27.7,4.98015,5.01985,951.62,959.208
27.8,4.99534,5.00466,954.524,956.304
27.9,4.99837,5.00163,955.103,955.725
28,4.98931,5.01069,953.372,957.456
28.1,4.96982,5.03018,949.648,961.18
28.2,4.94257,5.05743,944.441,966.387
28.3,4.91456,5.08544,939.088,971.74
28.4,4.89377,5.10623,935.114,975.714
28.5,4.88545,5.11455,933.526,977.302
28.6,4.89149,5.10851,934.679,976.149
28.7,4.91078,5.08922,938.365,972.463
28.8,4.94043,5.05957,944.032,966.796
28.9,4.97545,5.02455,950.724,960.104
29,5.01079,4.98921,957.476,953.352
29.1,5.04174,4.95826,963.39,947.438
29.2,5.05821,4.94179,966.538,944.29
29.3,5.0558,4.9442,966.077,944.751
29.4,5.03968,4.96032,962.996,947.832
29.5,5.01581,4.98419,958.436,952.392
29.6,4.99057,5.00943,953.613,957.215
29.7,4.96951,5.03049,949.589,961.239
29.8,4.9568,5.0432,947.159,963.669
29.9,4.95446,5.04554,946.712,964.116
30,4.96222,5.03778,948.194,962.634
30.1,4.97806,5.02194,951.221,959.607
30.2,4.99656,5.00344,954.756,956.072
30.3,5.01269,4.98731,957.839,952.989
30.4,5.02415,4.97585,960.029,950.799
30.5,5.02958,4.97042,961.066,949.762
30.6,5.02884,4.97116,960.926,949.902
30.7,5.02297,4.97703,959.803,951.025
30.8,5.01375,4.98625,958.042,952.786
30.9,5.00335,4.99665,956.055,954.773
31,4.99383,5.00617,954.235,956.593
31.1,4.98679,5.01321,952.89,957.939
31.2,4.98316,5.01684,952.195,958.633
31.3,4.98311,5.01689,952.186,958.642
31.4,4.98614,5.01386,952.765,958.063
31.5,4.99126,5.00874,953.743,957.085
31.6,4.99723,5.00277,954.886,955.942
31.7,5.00286,4.99714,955.961,954.867
31.8,5.00716,4.99284,956.783,954.045
31.9,5.00955,4.99045,957.239,953.589
32,5.00986,4.99014,957.297,953.531
32.1,5.00833,4.99167,957.005,953.823
32.2,5.0055,4.9945,956.465,954.363
32.3,5.00208,4.99792,955.811,955.017
32.4,4.99877,5.00123,955.178,955.65
32.5,4.99615,5.00385,954.679,956.149
32.6,4.99461,5.00539,954.385,956.444
32.7,4.99427,5.00573,954.319,956.509
32.8,4.99502,5.00498,954.463,956.365
32.9,4.99657,5.00343,954.759,956.069
33,4.99852,5.00148,955.131,955.697
33.1,5.00046,4.99954,955.502,955.326
33.2,5.00204,4.99796,955.804,955.024
33.3,5.00302,4.99698,955.992,954.836
33.4,5.00332,4.99668,956.048,954.78
33.5,5.00296,4.99704,955.98,954.848
33.6,5.00212,4.99788,955.82,955.009
33.7,5.00101,4.99899,955.608,955.22
33.8,4.99988,5.00012,955.391,955.437
33.9,4.99893,5.00107,955.21,955.618
34,4.99831,5.00169,955.091,955.737
34.1,4.99809,5.00191,955.048,955.78
34.2,4.99824,5.00176,955.078,955.75
34.3,4.9987,5.0013,955.165,955.663
34.4,4.99932,5.00068,955.284,955.544
34.5,4.99998,5.00002,955.41,955.418
34.6,5.00055,4.99945,955.519,955.309
34.7,5.00094,4.99906,955.593,955.235
34.8,5.0011,4.9989,955.624,955.204
34.9,5.00104,4.99896,955.612,955.216
35,5.0008,4.9992,955.566,955.262
35.1,5.00044,4.99956,955.499,955.329
35.2,5.00006,4.99994,955.426,955.402
35.3,4.99972,5.00028,955.361,955.467
35.4,4.99948,5.00052,955.315,955.513
35.5,4.99937,5.00063,955.294,955.534
35.6,4.99939,5.00061,955.297,955.531
35.7,4.99952,5.00048,955.322,955.506
35.8,4.99971,5.00029,955.359,955.469
35.9,4.99993,5.00007,955.401,955.427
36,5.00014,4.99986,955.44,955.388
36.1,5.00028,4.99972,955.468,955.36
36.2,5.00036,4.99964,955.482,955.346
36.3,5.00036,4.99964,955.482,955.346
36.4,5.00029,4.99971,955.47,955.358
36.5,5.00018,4.99982,955.449,955.379
36.6,5.00006,4.99994,955.425,955.403
36.7,4.99994,5.00006,955.402,955.426
36.8,4.99985,5.00015,955.385,955.443
36.9,4.9998,5.0002,955.375,955.453
37,4.99979,5.00021,955.374,955.454
37.1,4.99982,5.00018,955.38,955.448
37.2,4.99988,5.00012,955.392,955.436
37.3,4.99996,5.00004,955.406,955.422
37.4,5.00003,4.99997,955.419,955.409
37.5,5.00008,4.99992,955.43,955.398
37.6,5.00011,4.99989,955.436,955.392
37.7,5.00012,4.99988,955.437,955.391
37.8,5.00011,4.99989,955.434,955.394
37.9,5.00007,4.99993,955.428,955.4
38,5.00003,4.99997,955.42,955.408
38.1,4.99999,5.00001,955.412,955.416
38.2,4.99996,5.00004,955.406,955.422
38.3,4.99994,5.00006,955.402,955.426
38.4,4.99993,5.00007,955.401,955.427
38.5,4.99994,5.00006,955.402,955.426
38.6,4.99996,5.00004,955.406,955.423
38.7,4.99998,5.00002,955.41,955.418
38.8,5,5,955.415,955.413
38.9,5.00002,4.99998,955.418,955.41
39,5.00004,4.99996,955.421,955.407
39.1,5.00004,4.99996,955.422,955.406
39.2,5.00004,4.99996,955.421,955.407
39.3,5.00003,4.99997,955.419,955.409
39.4,5.00001,4.99999,955.417,955.411
39.5,5,5,955.414,955.414
39.6,4.99999,5.00001,955.412,955.416
39.7,4.99998,5.00002,955.41,955.418
39.8,4.99998,5.00002,955.41,955.418
39.9,4.99998,5.00002,955.41,955.418
40,4.99998,5.00002,955.411,955.417
40.1,4.99999,5.00001,955.412,955.416
40.2,5,5,955.414,955.414
40.3,5.00001,4.99999,955.415,955.413
40.4,5.00001,4.99999,955.416,955.412
40.5,5.00001,4.99999,955.417,955.411
40.6,5.00001,4.99999,955.416,955.412
40.7,5.00001,4.99999,955.416,955.412
40.8,5.00001,4.99999,955.415,955.413
40.9,5,5,955.414,955.414
41,5,5,955.413,955.415
41.1,4.99999,5.00001,955.413,955.415
41.2,4.99999,5.00001,955.413,955.415
41.3,4.99999,5.00001,955.413,955.415
41.4,4.99999,5.00001,955.413,955.415
41.5,5,5,955.413,955.415
41.6,5,5,955.414,955.414
41.7,5,5,955.414,955.414
41.8,5,5,955.415,955.413
41.9,5,5,955.415,955.413
42,5,5,955.415,955.413
42.1,5,5,955.415,955.413
42.2,5,5,955.414,955.414
42.3,5,5,955.414,955.414
42.4,5,5,955.414,955.414
42.5,5,5,955.414,955.414
42.6,5,5,955.414,955.414
42.7,5,5,955.414,955.415
42.8,5,5,955.414,955.414
42.9,5,5,955.414,955.414
43,5,5,955.414,955.414
43.1,5,5,955.414,955.414
43.2,5,5,955.414,955.414
43.3,5,5,955.414,955.414
43.4,5,5,955.414,955.414
43.5,5,5,955.414,955.414
43.6,5,5,955.414,955.414
43.7,5,5,955.414,955.414
43.8,5,5,955.414,955.414
43.9,5,5,955.414,955.414
44,5,5,955.414,955.414
44.1,5,5,955.414,955.414
44.2,5,5,955.414,955.414
44.3,5,5,955.414,955.414
44.4,5,5,955.414,955.414
44.5,5,5,955.414,955.414
44.6,5,5,955.414,955.414
44.7,5,5,955.414,955.414
44.8,5,5,955.414,955.414
44.9,5,5,955.414,955.414
45,5,5,955.414,955.414
45.1,5,5,955.414,955.414
45.2,5,5,955.414,955.414
45.3,5,5,955.414,955.414
45.4,5,5,955.414,955.414
45.5,5,5,955.414,955.414
45.6,5,5,955.414,955.414
45.7,5,5,955.414,955.414
45.8,5,5,955.414,955.414
45.9,5,5,955.414,955.414
46,5,5,955.414,955.414
46.1,5,5,955.414,955.414
46.2,5,5,955.414,955.414
46.3,5,5,955.414,955.414
46.4,5,5,955.414,955.414
46.5,5,5,955.414,955.414
46.6,5,5,955.414,955.414
46.7,5,5,955.414,955.414
46.8,5,5,955.414,955.414
46.9,5,5,955.414,955.414
47,5,5,955.414,955.414
47.1,5,5,955.414,955.414
47.2,5,5,955.414,955.414
47.3,5,5,955.414,955.414
47.4,5,5,955.414,955.414
47.5,5,5,955.414,955.414
47.6,5,5,955.414,955.414
47.7,5,5,955.414,955.414
47.8,5,5,955.414,955.414
47.9,5,5,955.414,955.414
48,5,5,955.414,955.414
48.1,5,5,955.414,955.414
48.2,5,5,955.414,955.414
48.3,5,5,955.414,955.414
48.4,5,5,955.414,955.414
48.5,5,5,955.414,955.414
48.6,5,5,955.414,955.414
48.7,5,5,955.414,955.414
48.8,5,5,955.414,955.414
48.9,5,5,955.414,955.414
49,5,5,955.414,955.414
49.1,5,5,955.414,955.414
49.2,5,5,955.414,955.414
49.3,5,5,955.414,955.414
49.4,5,5,955.414,955.414
49.5,5,5,955.414,955.414
49.6,5,5,955.414,955.414
49.7,5,5,955.414,955.414
49.8,5,5,955.414,955.414
49.9,5,5,955.414,955.414
